model,crit,learning_rate,delta,preference_recall,preference_precision,indifference_recall,indifference_precision,total_recall,nb_indifferences,nb_preferences,nb_indiff_vrai,nb_indiff_fausse,nb_pref_vrai,nb_pref_fausse,nb_pref_inverse,calc_preference_recall,calc_indifference_recall,calc_preference_precision,calc_indifference_precision,calc_precision_total
L2,linear,1e-05,1e-05,0.8617771509167842,1.0,0.0,0.0,0.611,291,709,0,291,611,0,98,0.8617771509167842,0.0,0.6773835920177383,0.0,0.611
L2,linear,1e-05,1e-08,0.8617771509167842,1.0,0.0,0.0,0.611,291,709,0,291,611,0,98,0.8617771509167842,0.0,0.6773835920177383,0.0,0.611
L2,linear,1e-05,0.1,0.7320169252468265,0.7320169252468265,0.7903780068728522,1.0,0.749,291,709,230,61,519,190,0,0.7320169252468265,0.7903780068728522,0.674025974025974,1.0,0.749
L1,linear,1e-05,1e-08,0.8514851485148515,1.0,0.0,0.0,0.602,293,707,0,293,602,0,105,0.8514851485148515,0.0,0.6726256983240223,0.0,0.602
L2,linear,1e-05,0.01,0.8152327221438646,0.8221906116642959,0.5292096219931272,0.9625,0.732,291,709,154,137,578,125,6,0.8152327221438646,0.5292096219931272,0.6880952380952381,0.9625,0.732
L2,linear,1e-05,1e-05,0.809375,0.9866666666666667,0.0,0.0,0.518,360,640,0,360,518,7,115,0.809375,0.0,0.5853107344632769,0.0,0.518
L2,linear,1e-05,0.1,0.5453125,0.5453125,0.9111111111111111,1.0,0.677,360,640,328,32,349,291,0,0.5453125,0.9111111111111111,0.5193452380952381,1.0,0.677
L2,linear,1e-05,1e-08,0.809375,1.0,0.0,0.0,0.518,360,640,0,360,518,0,122,0.809375,0.0,0.5899772209567198,0.0,0.518
L2,linear,1e-05,0.01,0.6359375,0.6359375,0.7527777777777778,1.0,0.678,360,640,271,89,407,233,0,0.6359375,0.7527777777777778,0.5582990397805213,1.0,0.678
L1,linear,1e-05,1e-08,0.80625,1.0,0.0,0.0,0.516,360,640,0,360,516,0,124,0.80625,0.0,0.589041095890411,0.0,0.516
L1,linear,1e-05,0.1,0.35625,0.36075949367088606,0.9583333333333334,0.9773371104815864,0.573,360,640,345,15,228,404,8,0.35625,0.9583333333333334,0.35239567233384855,0.9773371104815864,0.573
L1,linear,1e-05,1e-05,0.7984375,0.9587242026266416,0.03611111111111111,0.10833333333333334,0.524,360,640,13,347,511,22,107,0.7984375,0.03611111111111111,0.5806818181818182,0.10833333333333334,0.524
L1,linear,1e-05,0.01,0.5765625,0.5838607594936709,0.9138888888888889,0.9762611275964391,0.698,360,640,329,31,369,263,8,0.5765625,0.9138888888888889,0.5565610859728507,0.9762611275964391,0.698
L2,linear,1e-05,0.1,0.5885714285714285,0.5885714285714285,0.7566666666666667,1.0,0.639,300,700,227,73,412,288,0,0.5885714285714285,0.7566666666666667,0.5329883570504528,1.0,0.639
L2,linear,1e-05,1e-08,0.7580174927113703,1.0,0.0,0.0,0.52,314,686,0,314,520,0,166,0.7580174927113703,0.0,0.6235011990407674,0.0,0.52
L2,linear,1e-05,1e-05,0.8728571428571429,1.0,0.0,0.0,0.611,300,700,0,300,611,0,89,0.8728571428571429,0.0,0.6706915477497256,0.0,0.611
L2,linear,1e-05,0.01,0.5991253644314869,0.5991253644314869,0.8089171974522293,1.0,0.665,314,686,254,60,411,275,0,0.5991253644314869,0.8089171974522293,0.5509383378016086,1.0,0.665
L1,linear,1e-05,1e-08,0.8792682926829268,1.0,0.0,0.0,0.721,180,820,0,180,721,0,99,0.8792682926829268,0.0,0.8002219755826859,0.0,0.721
L1,linear,1e-05,0.01,0.6284074605451937,0.6284074605451937,0.7920792079207921,1.0,0.678,303,697,240,63,438,259,0,0.6284074605451937,0.7920792079207921,0.5763157894736842,1.0,0.678
L1,linear,1e-05,1e-05,0.8407460545193687,0.9750415973377704,0.0462046204620462,0.12727272727272726,0.6,303,697,14,289,586,15,96,0.8407460545193687,0.0462046204620462,0.6584269662921348,0.12727272727272726,0.6
L1,linear,1e-05,0.1,0.40028694404591103,0.40028694404591103,0.8877887788778878,1.0,0.548,303,697,269,34,279,418,0,0.40028694404591103,0.8877887788778878,0.3816689466484268,1.0,0.548
L2,linear,1e-05,0.1,0.5309033280507132,0.5334394904458599,0.8509485094850948,0.9905362776025236,0.649,369,631,314,55,335,293,3,0.5309033280507132,0.8509485094850948,0.4904831625183016,0.9905362776025236,0.649
L2,linear,1e-05,1e-08,0.6385737439222042,1.0,0.0,0.0,0.394,383,617,0,383,394,0,223,0.6385737439222042,0.0,0.5070785070785071,0.0,0.394
L2,linear,1e-05,1e-05,0.6385737439222042,1.0,0.020887728459530026,0.03463203463203463,0.402,383,617,8,375,394,0,223,0.6385737439222042,0.020887728459530026,0.5123537061118335,0.03463203463203463,0.402
L2,linear,1e-05,0.01,0.5623987034035657,0.5623987034035657,0.793733681462141,1.0,0.651,383,617,304,79,347,270,0,0.5623987034035657,0.793733681462141,0.4985632183908046,1.0,0.651
L2,linear,1e-05,0.1,0.6516690856313497,0.6516690856313497,0.8038585209003215,1.0,0.699,311,689,250,61,449,240,0,0.6516690856313497,0.8038585209003215,0.5986666666666667,1.0,0.699
L1,linear,1e-05,1e-05,0.8219749652294854,0.967266775777414,0.0498220640569395,0.11475409836065574,0.605,281,719,14,267,591,20,108,0.8219749652294854,0.0498220640569395,0.673120728929385,0.11475409836065574,0.605
L1,linear,1e-05,0.01,0.6258692628650904,0.6338028169014085,0.8612099644128114,0.9641434262948207,0.692,281,719,242,39,450,260,9,0.6258692628650904,0.8612099644128114,0.6008010680907877,0.9641434262948207,0.692
L1,linear,1e-05,1e-08,0.8005908419497785,1.0,0.0,0.0,0.542,323,677,0,323,542,0,135,0.8005908419497785,0.0,0.6265895953757226,0.0,0.542
L1,linear,1e-05,0.1,0.33518776077885953,0.33943661971830985,0.9395017793594306,0.967032967032967,0.505,281,719,264,17,241,469,9,0.33518776077885953,0.9395017793594306,0.3314993122420908,0.967032967032967,0.505
L2,linear,1e-05,1e-08,0.8412698412698413,1.0,0.0,0.0,0.583,307,693,0,307,583,0,110,0.8412698412698413,0.0,0.6550561797752809,0.0,0.583
L2,linear,1e-05,1e-05,0.8161244695898161,0.9779661016949153,0.0,0.0,0.577,293,707,0,293,577,13,117,0.8161244695898161,0.0,0.6534541336353341,0.0,0.577
L2,linear,1e-05,0.01,0.6449787835926449,0.6449787835926449,0.6825938566552902,1.0,0.656,293,707,200,93,456,251,0,0.6449787835926449,0.6825938566552902,0.57,1.0,0.656
L2,linear,1e-05,0.1,0.6553254437869822,0.6553254437869822,0.6975308641975309,1.0,0.669,324,676,226,98,443,233,0,0.6553254437869822,0.6975308641975309,0.5723514211886305,1.0,0.669
L1,linear,1e-05,1e-05,0.8377622377622378,0.9661290322580646,0.06315789473684211,0.1592920353982301,0.617,285,715,18,267,599,21,95,0.8377622377622378,0.06315789473684211,0.6753100338218715,0.1592920353982301,0.617
L1,linear,1e-05,0.01,0.6431478968792401,0.6475409836065574,0.8288973384030418,0.9775784753363229,0.692,263,737,218,45,474,258,5,0.6431478968792401,0.8288973384030418,0.61003861003861,0.9775784753363229,0.692
L2,linear,1e-05,1e-08,0.8048048048048048,1.0,0.0,0.0,0.536,334,666,0,334,536,0,130,0.8048048048048048,0.0,0.6160919540229886,0.0,0.536
L1,linear,1e-05,1e-08,0.8616010854816825,1.0,0.0,0.0,0.635,263,737,0,263,635,0,102,0.8616010854816825,0.0,0.7071269487750557,0.0,0.635
L1,linear,1e-05,0.1,0.4084124830393487,0.4084124830393487,0.9163498098859315,1.0,0.542,263,737,241,22,301,436,0,0.4084124830393487,0.9163498098859315,0.3965744400527009,1.0,0.542
L2,linear,1e-05,1e-05,0.8048048048048048,1.0,0.0,0.0,0.536,334,666,0,334,536,0,130,0.8048048048048048,0.0,0.6160919540229886,0.0,0.536
L2,linear,1e-05,0.01,0.7721518987341772,0.7721518987341772,0.8288043478260869,1.0,0.793,368,632,305,63,488,144,0,0.7721518987341772,0.8288043478260869,0.702158273381295,1.0,0.793
L2,linear,1e-05,1e-10,0.808199121522694,1.0,0.0,0.0,0.552,317,683,0,317,552,0,131,0.808199121522694,0.0,0.6352128883774454,0.0,0.552
L1,linear,1e-05,1e-05,0.8387096774193549,0.9629629629629629,0.0703125,0.15789473684210525,0.642,256,744,18,238,624,24,96,0.8387096774193549,0.0703125,0.7042889390519187,0.15789473684210525,0.642
L1,linear,1e-05,0.01,0.6438172043010753,0.6438172043010753,0.8515625,1.0,0.697,256,744,218,38,479,265,0,0.6438172043010753,0.8515625,0.612531969309463,1.0,0.697
L2,linear,1e-05,1e-12,0.8433908045977011,1.0,0.0,0.0,0.587,304,696,0,304,587,0,109,0.8433908045977011,0.0,0.6588103254769921,0.0,0.587
L1,linear,1e-05,1e-10,0.8133704735376045,1.0,0.0,0.0,0.584,282,718,0,282,584,0,134,0.8133704735376045,0.0,0.674364896073903,0.0,0.584
L1,linear,1e-05,1e-08,0.807799442896936,1.0,0.0,0.0,0.58,282,718,0,282,580,0,138,0.807799442896936,0.0,0.6728538283062645,0.0,0.58
L1,linear,1e-05,0.1,0.3467966573816156,0.3492286115007013,0.9184397163120568,0.9810606060606061,0.508,282,718,259,23,249,464,5,0.3467966573816156,0.9184397163120568,0.3383152173913043,0.9810606060606061,0.508
L1,linear,1e-05,1e-12,0.8583815028901735,1.0,0.0,0.0,0.594,308,692,0,308,594,0,98,0.8583815028901735,0.0,0.6585365853658537,0.0,0.594
L2,linear,1e-05,1e-10,0.8171428571428572,1.0,0.0,0.0,0.572,300,700,0,300,572,0,128,0.8171428571428572,0.0,0.6559633027522935,0.0,0.572
L2,linear,1e-05,1e-15,0.9011627906976745,1.0,0.0,0.0,0.62,312,688,0,312,620,0,68,0.9011627906976745,0.0,0.6652360515021459,0.0,0.62
L2,linear,1e-05,1e-12,0.7344398340248963,1.0,0.0,0.0,0.531,277,723,0,277,531,0,192,0.7344398340248963,0.0,0.6571782178217822,0.0,0.531
L1,linear,1e-05,1e-15,0.8243430152143845,1.0,0.0,0.0,0.596,277,723,0,277,596,0,127,0.8243430152143845,0.0,0.6827033218785796,0.0,0.596
L2,linear,1e-05,1e-10,0.6619318181818182,1.0,0.0,0.0,0.466,296,704,0,296,466,0,238,0.6619318181818182,0.0,0.6115485564304461,0.0,0.466
L1,linear,1e-05,1e-10,0.8243430152143845,1.0,0.0,0.0,0.596,277,723,0,277,596,0,127,0.8243430152143845,0.0,0.6827033218785796,0.0,0.596
L2,linear,1e-05,1e-15,0.7151898734177216,1.0,0.0,0.0,0.452,368,632,0,368,452,0,180,0.7151898734177216,0.0,0.551219512195122,0.0,0.452
L1,linear,1e-05,1e-12,0.8286118980169972,1.0,0.0,0.0,0.585,294,706,0,294,585,0,121,0.8286118980169972,0.0,0.6655290102389079,0.0,0.585
L2,linear,1e-05,1e-12,0.8743589743589744,1.0,0.0,0.0,0.682,220,780,0,220,682,0,98,0.8743589743589744,0.0,0.7560975609756098,0.0,0.682
L2,linear,1e-05,1e-10,0.8540462427745664,1.0,0.0,0.0,0.591,308,692,0,308,591,0,101,0.8540462427745664,0.0,0.657397107897664,0.0,0.591
L1,linear,1e-05,1e-15,0.8302158273381295,1.0,0.0,0.0,0.577,305,695,0,305,577,0,118,0.8302158273381295,0.0,0.6541950113378685,0.0,0.577
L2,linear,1e-05,1e-15,0.7928994082840237,1.0,0.0,0.0,0.536,324,676,0,324,536,0,140,0.7928994082840237,0.0,0.6232558139534884,0.0,0.536
L1,linear,1e-05,1e-10,0.8476331360946746,1.0,0.0,0.0,0.573,324,676,0,324,573,0,103,0.8476331360946746,0.0,0.6387959866220736,0.0,0.573
L1,linear,1e-05,1e-12,0.8110795454545454,1.0,0.0,0.0,0.571,296,704,0,296,571,0,133,0.8110795454545454,0.0,0.6585928489042676,0.0,0.571
L2,linear,1e-05,1e-12,0.8348993288590604,1.0,0.0,0.0,0.622,255,745,0,255,622,0,123,0.8348993288590604,0.0,0.7092360319270239,0.0,0.622
L2,linear,1e-05,1e-10,0.847457627118644,1.0,0.0,0.0,0.6,292,708,0,292,600,0,108,0.847457627118644,0.0,0.672645739910314,0.0,0.6
L1,linear,1e-05,1e-10,0.7712609970674487,1.0,0.0,0.0,0.526,318,682,0,318,526,0,156,0.7712609970674487,0.0,0.6232227488151659,0.0,0.526
L2,linear,1e-05,1e-15,0.7695590327169275,1.0,0.0,0.0,0.541,297,703,0,297,541,0,162,0.7695590327169275,0.0,0.6455847255369929,0.0,0.541
L1,linear,1e-05,1e-15,0.8418803418803419,1.0,0.0,0.0,0.591,298,702,0,298,591,0,111,0.8418803418803419,0.0,0.6647919010123734,0.0,0.591
L2,linear,1e-05,1e-12,0.797317436661699,1.0,0.0,0.0,0.535,329,671,0,329,535,0,136,0.797317436661699,0.0,0.6192129629629629,0.0,0.535
L1,linear,1e-05,1e-12,0.8680465717981889,1.0,0.0,0.0,0.671,227,773,0,227,671,0,102,0.8680465717981889,0.0,0.7472160356347439,0.0,0.671
L2,linear,1e-05,1e-15,0.8333333333333334,1.0,0.0,0.0,0.545,346,654,0,346,545,0,109,0.8333333333333334,0.0,0.611672278338945,0.0,0.545
L1,linear,1e-05,1e-10,0.7919161676646707,1.0,0.0,0.0,0.529,332,668,0,332,529,0,139,0.7919161676646707,0.0,0.6144018583042973,0.0,0.529
L1,linear,1e-05,1e-15,0.8534351145038168,1.0,0.0,0.0,0.559,345,655,0,345,559,0,96,0.8534351145038168,0.0,0.6183628318584071,0.0,0.559
L1,linear,1e-05,1e-12,0.8312693498452013,1.0,0.0,0.0,0.537,354,646,0,354,537,0,109,0.8312693498452013,0.0,0.6026936026936027,0.0,0.537
L1,linear,1e-05,1e-15,0.8684971098265896,1.0,0.0,0.0,0.601,308,692,0,308,601,0,91,0.8684971098265896,0.0,0.6611661166116611,0.0,0.601
L2,2-add,1e-05,0.01,0.8482142857142857,0.8934169278996865,0.16463414634146342,0.6136363636363636,0.624,328,672,54,274,570,68,34,0.8482142857142857,0.16463414634146342,0.625,0.6136363636363636,0.624
L2,2-add,1e-05,0.1,0.7782738095238095,0.7782738095238095,0.600609756097561,1.0,0.72,328,672,197,131,523,149,0,0.7782738095238095,0.600609756097561,0.651307596513076,1.0,0.72
L1,2-add,1e-05,0.01,0.7596439169139466,0.7596439169139466,0.8558282208588958,1.0,0.791,326,674,279,47,512,162,0,0.7596439169139466,0.8558282208588958,0.710124826629681,1.0,0.791
L1,2-add,1e-05,0.1,0.5816023738872403,0.5816023738872403,0.8742331288343558,1.0,0.677,326,674,285,41,392,282,0,0.5816023738872403,0.8742331288343558,0.5482517482517483,1.0,0.677
L2,2-add,1e-05,0.01,0.8013888888888889,0.8795731707317073,0.075,0.24705882352941178,0.598,280,720,21,259,577,79,64,0.8013888888888889,0.075,0.6306010928961748,0.24705882352941178,0.598
L2,2-add,1e-05,0.1,0.7555228276877761,0.7555228276877761,0.6542056074766355,1.0,0.723,321,679,210,111,513,166,0,0.7555228276877761,0.6542056074766355,0.649367088607595,1.0,0.723
L1,2-add,1e-05,0.01,0.6995447647951442,0.7059724349157733,0.8797653958944281,0.9803921568627451,0.761,341,659,300,41,461,192,6,0.6995447647951442,0.8797653958944281,0.6642651296829971,0.9803921568627451,0.761
L1,2-add,1e-05,0.1,0.5507462686567164,0.5548872180451128,0.9242424242424242,0.9838709677419355,0.674,330,670,305,25,369,296,5,0.5507462686567164,0.9242424242424242,0.5347826086956522,0.9838709677419355,0.674
L2,2-add,1e-05,0.01,0.7615262321144675,0.8244406196213425,0.16711590296495957,0.5636363636363636,0.541,371,629,62,309,479,102,48,0.7615262321144675,0.16711590296495957,0.5382022471910113,0.5636363636363636,0.541
L2,2-add,1e-05,0.1,0.7376788553259142,0.7376788553259142,0.7196765498652291,1.0,0.731,371,629,267,104,464,165,0,0.7376788553259142,0.7196765498652291,0.6330150068212824,1.0,0.731
L1,2-add,1e-05,0.01,0.8151862464183381,0.8151862464183381,0.890728476821192,1.0,0.838,302,698,269,33,569,129,0,0.8151862464183381,0.890728476821192,0.7783857729138167,1.0,0.838
L1,2-add,1e-05,0.1,0.5329341317365269,0.541033434650456,0.9156626506024096,0.9681528662420382,0.66,332,668,304,28,356,302,10,0.5329341317365269,0.9156626506024096,0.5189504373177842,0.9681528662420382,0.66
L2,2-add,1e-05,0.01,0.7933634992458521,0.8580750407830342,0.1394658753709199,0.4845360824742268,0.573,337,663,47,290,526,87,50,0.7933634992458521,0.1394658753709199,0.5825027685492802,0.4845360824742268,0.573
L2,2-add,1e-05,0.1,0.7480438184663537,0.7480438184663537,0.7340720221606648,1.0,0.743,361,639,265,96,478,161,0,0.7480438184663537,0.7340720221606648,0.6503401360544218,1.0,0.743
L1,2-add,1e-05,0.01,0.7447108603667136,0.7478753541076487,0.9312714776632303,0.9890510948905109,0.799,291,709,271,20,528,178,3,0.7447108603667136,0.9312714776632303,0.7272727272727273,0.9890510948905109,0.799
L1,2-add,1e-05,0.1,0.5187667560321716,0.5222672064777328,0.9330708661417323,0.9793388429752066,0.624,254,746,237,17,387,354,5,0.5187667560321716,0.9330708661417323,0.5105540897097626,0.9793388429752066,0.624
L2,2-add,1e-05,0.01,0.8375706214689266,0.9039634146341463,0.18835616438356165,0.514018691588785,0.648,292,708,55,237,593,63,52,0.8375706214689266,0.18835616438356165,0.6640537513997761,0.514018691588785,0.648
L2,2-add,1e-05,0.1,0.8055555555555556,0.8055555555555556,0.6044303797468354,1.0,0.742,316,684,191,125,551,133,0,0.8055555555555556,0.6044303797468354,0.681087762669963,1.0,0.742
L1,2-add,1e-05,0.01,0.8005738880918221,0.8005738880918221,0.9042904290429042,1.0,0.832,303,697,274,29,558,139,0,0.8005738880918221,0.9042904290429042,0.768595041322314,1.0,0.832
L1,2-add,1e-05,0.1,0.4620991253644315,0.4620991253644315,0.9394904458598726,1.0,0.612,314,686,295,19,317,369,0,0.4620991253644315,0.9394904458598726,0.44964539007092197,1.0,0.612
L2,2-add,1e-05,1e-05,0.7969924812030075,0.9981167608286252,0.0,0.0,0.53,335,665,0,335,530,1,134,0.7969924812030075,0.0,0.6120092378752887,0.0,0.53
L1,2-add,1e-05,1e-05,0.8971014492753623,0.9983870967741936,0.016129032258064516,0.06666666666666667,0.624,310,690,5,305,619,1,70,0.8971014492753623,0.016129032258064516,0.6691891891891892,0.06666666666666667,0.624
L2,2-add,1e-05,1e-05,0.8781163434903048,1.0,0.0,0.0,0.634,278,722,0,278,634,0,88,0.8781163434903048,0.0,0.6951754385964912,0.0,0.634
L1,2-add,1e-05,1e-05,0.8825448613376835,0.9944852941176471,0.03617571059431524,0.1686746987951807,0.555,387,613,14,373,541,3,69,0.8825448613376835,0.03617571059431524,0.5899672846237731,0.1686746987951807,0.555
L2,2-add,1e-05,1e-05,0.7851851851851852,1.0,0.0,0.0,0.53,325,675,0,325,530,0,145,0.7851851851851852,0.0,0.6198830409356725,0.0,0.53
L1,2-add,1e-05,1e-05,0.8855507868383404,0.9919871794871795,0.009966777408637873,0.038461538461538464,0.622,301,699,3,298,619,5,75,0.8855507868383404,0.009966777408637873,0.6713665943600867,0.038461538461538464,0.622
L2,2-add,1e-05,1e-05,0.8651226158038147,1.0,0.0,0.0,0.635,266,734,0,266,635,0,99,0.8651226158038147,0.0,0.704772475027747,0.0,0.635
L1,2-add,1e-05,1e-05,0.881638846737481,1.0,0.017595307917888565,0.07142857142857142,0.587,341,659,6,335,581,0,78,0.881638846737481,0.017595307917888565,0.6342794759825328,0.07142857142857142,0.587
L2,2-add,1e-05,1e-05,0.8428805237315876,1.0,0.0,0.0,0.515,389,611,0,389,515,0,96,0.8428805237315876,0.0,0.5696902654867256,0.0,0.515
L1,2-add,1e-05,1e-05,0.8992805755395683,0.9936406995230525,0.022950819672131147,0.0958904109589041,0.632,305,695,7,298,625,4,66,0.8992805755395683,0.022950819672131147,0.674217907227616,0.0958904109589041,0.632
L2,game,1e-05,0.01,0.9150805270863837,0.9150805270863837,0.5678233438485805,1.0,0.805,317,683,180,137,625,58,0,0.9150805270863837,0.5678233438485805,0.7621951219512195,1.0,0.805
L2,game,1e-05,0.1,0.8916544655929722,0.8916544655929722,0.7160883280757098,1.0,0.836,317,683,227,90,609,74,0,0.8916544655929722,0.7160883280757098,0.7878395860284605,1.0,0.836
L2,game,1e-05,1e-05,0.9347826086956522,1.0,0.025806451612903226,0.1509433962264151,0.653,310,690,8,302,645,0,45,0.9347826086956522,0.025806451612903226,0.6810982048574445,0.1509433962264151,0.653
L2,game,1e-05,1e-08,0.889894419306184,1.0,0.0,0.0,0.59,337,663,0,337,590,0,73,0.889894419306184,0.0,0.6364617044228694,0.0,0.59
L1,game,1e-05,0.1,0.771513353115727,0.7807807807807807,0.803680981595092,0.9703703703703703,0.782,326,674,262,64,520,146,8,0.771513353115727,0.803680981595092,0.7123287671232876,0.9703703703703703,0.782
L1,game,1e-05,0.01,0.857566765578635,0.9174603174603174,0.32515337423312884,0.7066666666666667,0.684,326,674,106,220,578,52,44,0.857566765578635,0.32515337423312884,0.68,0.7066666666666667,0.684
L1,game,1e-05,1e-05,0.8502269288956127,1.0,0.0,0.0,0.562,339,661,0,339,562,0,99,0.8502269288956127,0.0,0.6237513873473918,0.0,0.562
L1,game,1e-05,1e-08,0.8529411764705882,1.0,0.0,0.0,0.638,252,748,0,252,638,0,110,0.8529411764705882,0.0,0.7168539325842697,0.0,0.638
L2,game,1e-05,0.01,0.8915343915343915,0.8915343915343915,0.3524590163934426,1.0,0.76,244,756,86,158,674,82,0,0.8915343915343915,0.3524590163934426,0.737417943107221,1.0,0.76
L2,game,1e-05,0.1,0.8270571827057183,0.8270571827057183,0.6855123674911661,1.0,0.787,283,717,194,89,593,124,0,0.8270571827057183,0.6855123674911661,0.7357320099255583,1.0,0.787
L2,game,1e-05,1e-05,0.9423631123919308,1.0,0.0,0.0,0.654,306,694,0,306,654,0,40,0.9423631123919308,0.0,0.68125,0.0,0.654
L2,game,1e-05,1e-08,0.9172821270310192,1.0,0.0,0.0,0.621,323,677,0,323,621,0,56,0.9172821270310192,0.0,0.6578389830508474,0.0,0.621
L1,game,1e-05,0.1,0.7361963190184049,0.7418856259659969,0.8247126436781609,0.9828767123287672,0.767,348,652,287,61,480,167,5,0.7361963190184049,0.8247126436781609,0.6779661016949152,0.9828767123287672,0.767
L1,game,1e-05,0.01,0.8427586206896551,0.9065281899109793,0.28363636363636363,0.6046511627906976,0.689,275,725,78,197,611,63,51,0.8427586206896551,0.28363636363636363,0.7014925373134329,0.6046511627906976,0.689
L1,game,1e-05,1e-05,0.8881019830028328,1.0,0.0,0.0,0.627,294,706,0,294,627,0,79,0.8881019830028328,0.0,0.6807817589576547,0.0,0.627
L1,game,1e-05,1e-08,0.8542568542568543,1.0,0.0,0.0,0.592,307,693,0,307,592,0,101,0.8542568542568543,0.0,0.6585094549499444,0.0,0.592
L2,game,1e-05,0.1,0.8567454798331016,0.8567454798331016,0.797153024911032,1.0,0.84,281,719,224,57,616,103,0,0.8567454798331016,0.797153024911032,0.7938144329896907,1.0,0.84
L2,game,1e-05,0.01,0.896978021978022,0.896978021978022,0.3860294117647059,1.0,0.758,272,728,105,167,653,75,0,0.896978021978022,0.3860294117647059,0.729608938547486,1.0,0.758
L2,game,1e-05,1e-05,0.8757062146892656,0.998389694041868,0.0136986301369863,0.04395604395604396,0.624,292,708,4,288,620,1,87,0.8757062146892656,0.0136986301369863,0.682068206820682,0.04395604395604396,0.624
L2,game,1e-05,1e-08,0.906084656084656,1.0,0.0,0.0,0.685,244,756,0,244,685,0,71,0.906084656084656,0.0,0.7373519913885899,0.0,0.685
L1,game,1e-05,0.1,0.7610966057441253,0.7691292875989446,0.8076923076923077,0.9593908629441624,0.772,234,766,189,45,583,175,8,0.7610966057441253,0.8076923076923077,0.726027397260274,0.9593908629441624,0.772
L1,game,1e-05,0.01,0.86,0.9162861491628614,0.3,0.6766917293233082,0.692,300,700,90,210,602,55,43,0.86,0.3,0.6943483275663207,0.6766917293233082,0.692
L1,game,1e-05,1e-05,0.8378378378378378,1.0,0.0,0.0,0.558,334,666,0,334,558,0,108,0.8378378378378378,0.0,0.625560538116592,0.0,0.558
L1,game,1e-05,1e-08,0.8708751793400287,1.0,0.0,0.0,0.607,303,697,0,303,607,0,90,0.8708751793400287,0.0,0.667032967032967,0.0,0.607
L2,game,1e-05,0.1,0.8667582417582418,0.8667582417582418,0.7242647058823529,1.0,0.828,272,728,197,75,631,97,0,0.8667582417582418,0.7242647058823529,0.7858032378580324,1.0,0.828
L2,game,1e-05,0.01,0.8738461538461538,0.8738461538461538,0.38285714285714284,1.0,0.702,350,650,134,216,568,82,0,0.8738461538461538,0.38285714285714284,0.6558891454965358,1.0,0.702
L2,game,1e-05,1e-05,0.9224489795918367,1.0,0.0037735849056603774,0.017241379310344827,0.679,265,735,1,264,678,0,57,0.9224489795918367,0.0037735849056603774,0.7197452229299363,0.017241379310344827,0.679
L2,game,1e-05,1e-08,0.9331476323119777,1.0,0.0,0.0,0.67,282,718,0,282,670,0,48,0.9331476323119777,0.0,0.7037815126050421,0.0,0.67
L1,game,1e-05,0.1,0.7546174142480211,0.7586206896551724,0.8016528925619835,0.9797979797979798,0.766,242,758,194,48,572,182,4,0.7546174142480211,0.8016528925619835,0.713216957605985,0.9797979797979798,0.766
L1,game,1e-05,0.01,0.8696236559139785,0.9322766570605188,0.32421875,0.6240601503759399,0.73,256,744,83,173,647,47,50,0.8696236559139785,0.32421875,0.7462514417531718,0.6240601503759399,0.73
L1,game,1e-05,1e-05,0.8629283489096573,1.0,0.0,0.0,0.554,358,642,0,358,554,0,88,0.8629283489096573,0.0,0.6074561403508771,0.0,0.554
L1,game,1e-05,1e-08,0.8382126348228043,1.0,0.0,0.0,0.544,351,649,0,351,544,0,105,0.8382126348228043,0.0,0.6078212290502794,0.0,0.544
L2,game,1e-05,0.1,0.8090062111801242,0.8090062111801242,0.7247191011235955,1.0,0.779,356,644,258,98,521,123,0,0.8090062111801242,0.7247191011235955,0.7021563342318059,1.0,0.779
L2,2-add,1e-05,1e-08,0.8679817905918058,1.0,0.0,0.0,0.572,341,659,0,341,572,0,87,0.8679817905918058,0.0,0.6265060240963856,0.0,0.572
L2,game,1e-05,0.01,0.8491446345256609,0.8491446345256609,0.3081232492997199,1.0,0.656,357,643,110,247,546,97,0,0.8491446345256609,0.3081232492997199,0.6134831460674157,1.0,0.656
L2,2-add,1e-05,1e-08,0.8682634730538922,1.0,0.0,0.0,0.58,332,668,0,332,580,0,88,0.8682634730538922,0.0,0.6359649122807017,0.0,0.58
L1,2-add,1e-05,1e-08,0.9250720461095101,1.0,0.0,0.0,0.642,306,694,0,306,642,0,52,0.9250720461095101,0.0,0.6772151898734177,0.0,0.642
L2,2-add,1e-05,1e-08,0.78,1.0,0.0,0.0,0.546,300,700,0,300,546,0,154,0.78,0.0,0.6453900709219859,0.0,0.546
L1,2-add,1e-05,1e-08,0.9092088197146563,1.0,0.0,0.0,0.701,229,771,0,229,701,0,70,0.9092088197146563,0.0,0.7537634408602151,0.0,0.701
L2,2-add,1e-05,1e-08,0.896414342629482,1.0,0.0,0.0,0.675,247,753,0,247,675,0,78,0.896414342629482,0.0,0.7321041214750542,0.0,0.675
L1,2-add,1e-05,1e-08,0.888208269525268,1.0,0.0,0.0,0.58,347,653,0,347,580,0,73,0.888208269525268,0.0,0.6256742179072277,0.0,0.58
L2,2-add,1e-05,1e-08,0.8579234972677595,1.0,0.0,0.0,0.628,268,732,0,268,628,0,104,0.8579234972677595,0.0,0.7008928571428571,0.0,0.628
L1,2-add,1e-05,1e-08,0.8854337152209493,1.0,0.0,0.0,0.541,389,611,0,389,541,0,70,0.8854337152209493,0.0,0.5817204301075268,0.0,0.541
L2,game,1e-05,1e-05,0.8816568047337278,1.0,0.006172839506172839,0.024390243902439025,0.598,324,676,2,322,596,0,80,0.8816568047337278,0.006172839506172839,0.6492374727668845,0.024390243902439025,0.598
L1,2-add,1e-05,1e-08,0.9018759018759018,1.0,0.0,0.0,0.625,307,693,0,307,625,0,68,0.9018759018759018,0.0,0.6706008583690987,0.0,0.625
L2,2-add,1e-05,1e-10,0.9090909090909091,1.0,0.0,0.0,0.66,274,726,0,274,660,0,66,0.9090909090909091,0.0,0.7066381156316917,0.0,0.66
L2,2-add,1e-05,1e-10,0.7750716332378224,1.0,0.0,0.0,0.541,302,698,0,302,541,0,157,0.7750716332378224,0.0,0.641755634638197,0.0,0.541
L2,2-add,1e-05,1e-10,0.8631284916201117,1.0,0.0,0.0,0.618,284,716,0,284,618,0,98,0.8631284916201117,0.0,0.6851441241685144,0.0,0.618
L2,game,1e-05,1e-08,0.9381443298969072,1.0,0.0,0.0,0.637,321,679,0,321,637,0,42,0.9381443298969072,0.0,0.6649269311064718,0.0,0.637
L2,2-add,1e-05,1e-10,0.8746268656716418,1.0,0.0,0.0,0.586,330,670,0,330,586,0,84,0.8746268656716418,0.0,0.6397379912663755,0.0,0.586
L1,2-add,1e-05,1e-10,0.9022222222222223,1.0,0.0,0.0,0.609,325,675,0,325,609,0,66,0.9022222222222223,0.0,0.6520342612419701,0.0,0.609
L2,2-add,1e-05,1e-10,0.8702928870292888,1.0,0.0,0.0,0.624,283,717,0,283,624,0,93,0.8702928870292888,0.0,0.6879823594266814,0.0,0.624
L1,2-add,1e-05,1e-10,0.9154518950437318,1.0,0.0,0.0,0.628,314,686,0,314,628,0,58,0.9154518950437318,0.0,0.6666666666666666,0.0,0.628
L1,2-add,1e-05,1e-10,0.9358638743455497,1.0,0.0,0.0,0.715,236,764,0,236,715,0,49,0.9358638743455497,0.0,0.7518401682439537,0.0,0.715
L1,2-add,1e-05,1e-10,0.9170243204577968,1.0,0.0,0.0,0.641,301,699,0,301,641,0,58,0.9170243204577968,0.0,0.6804670912951167,0.0,0.641
L1,2-add,1e-05,1e-10,0.9188405797101449,1.0,0.0,0.0,0.634,310,690,0,310,634,0,56,0.9188405797101449,0.0,0.6716101694915254,0.0,0.634
L1,game,1e-05,0.1,0.7218259629101283,0.7238912732474965,0.7424749163879598,0.9910714285714286,0.728,299,701,222,77,506,193,2,0.7218259629101283,0.7424749163879598,0.6520618556701031,0.9910714285714286,0.728
L2,2-add,1e-05,1e-12,0.903663500678426,1.0,0.0,0.0,0.666,263,737,0,263,666,0,71,0.903663500678426,0.0,0.7168998923573735,0.0,0.666
L1,game,1e-05,0.01,0.8272727272727273,0.9115191986644408,0.20294117647058824,0.5307692307692308,0.615,340,660,69,271,546,53,61,0.8272727272727273,0.20294117647058824,0.6275862068965518,0.5307692307692308,0.615
L2,2-add,1e-05,1e-12,0.8890429958391124,1.0,0.0,0.0,0.641,279,721,0,279,641,0,80,0.8890429958391124,0.0,0.6967391304347826,0.0,0.641
L1,2-add,1e-05,1e-12,0.8905109489051095,1.0,0.0,0.0,0.61,315,685,0,315,610,0,75,0.8905109489051095,0.0,0.6594594594594595,0.0,0.61
L2,2-add,1e-05,1e-12,0.841726618705036,1.0,0.0,0.0,0.585,305,695,0,305,585,0,110,0.841726618705036,0.0,0.6573033707865169,0.0,0.585
L1,2-add,1e-05,1e-12,0.9144460028050491,1.0,0.0,0.0,0.652,287,713,0,287,652,0,61,0.9144460028050491,0.0,0.6943556975505857,0.0,0.652
L2,2-add,1e-05,1e-12,0.8724727838258165,1.0,0.0,0.0,0.561,357,643,0,357,561,0,82,0.8724727838258165,0.0,0.6111111111111112,0.0,0.561
L1,2-add,1e-05,1e-12,0.9051282051282051,1.0,0.0,0.0,0.706,220,780,0,220,706,0,74,0.9051282051282051,0.0,0.7624190064794817,0.0,0.706
L2,2-add,1e-05,1e-12,0.8414814814814815,1.0,0.0,0.0,0.568,325,675,0,325,568,0,107,0.8414814814814815,0.0,0.6360582306830908,0.0,0.568
L1,2-add,1e-05,1e-12,0.9050203527815468,1.0,0.0,0.0,0.667,263,737,0,263,667,0,70,0.9050203527815468,0.0,0.7172043010752688,0.0,0.667
L1,2-add,1e-05,1e-12,0.9366576819407008,1.0,0.0,0.0,0.695,258,742,0,258,695,0,47,0.9366576819407008,0.0,0.7292759706190975,0.0,0.695
L1,game,1e-05,1e-05,0.867816091954023,1.0,0.0,0.0,0.604,304,696,0,304,604,0,92,0.867816091954023,0.0,0.6651982378854625,0.0,0.604
L2,2-add,1e-05,1e-15,0.8676258992805755,1.0,0.0,0.0,0.603,305,695,0,305,603,0,92,0.8676258992805755,0.0,0.6640969162995595,0.0,0.603
L2,2-add,1e-05,1e-15,0.7989203778677463,1.0,0.0,0.0,0.592,259,741,0,259,592,0,149,0.7989203778677463,0.0,0.6956521739130435,0.0,0.592
L2,2-add,1e-05,1e-15,0.8671140939597315,1.0,0.0,0.0,0.646,255,745,0,255,646,0,99,0.8671140939597315,0.0,0.7169811320754716,0.0,0.646
L2,2-add,1e-05,1e-15,0.9117647058823529,1.0,0.0,0.0,0.62,320,680,0,320,620,0,60,0.9117647058823529,0.0,0.6595744680851063,0.0,0.62
L2,2-add,1e-05,1e-15,0.8300455235204856,1.0,0.0,0.0,0.547,341,659,0,341,547,0,112,0.8300455235204856,0.0,0.615990990990991,0.0,0.547
L1,2-add,1e-05,1e-15,0.9157458563535912,1.0,0.0,0.0,0.663,276,724,0,276,663,0,61,0.9157458563535912,0.0,0.7060702875399361,0.0,0.663
L1,game,1e-05,1e-08,0.8609929078014185,1.0,0.0,0.0,0.607,295,705,0,295,607,0,98,0.8609929078014185,0.0,0.6729490022172949,0.0,0.607
L1,2-add,1e-05,1e-15,0.892328398384926,1.0,0.0,0.0,0.663,257,743,0,257,663,0,80,0.892328398384926,0.0,0.7206521739130435,0.0,0.663
L1,2-add,1e-05,1e-15,0.9233983286908078,1.0,0.0,0.0,0.663,282,718,0,282,663,0,55,0.9233983286908078,0.0,0.7015873015873015,0.0,0.663
L1,2-add,1e-05,1e-15,0.9097744360902256,1.0,0.0,0.0,0.605,335,665,0,335,605,0,60,0.9097744360902256,0.0,0.6436170212765957,0.0,0.605
L1,2-add,1e-05,1e-15,0.9297218155197657,1.0,0.0,0.0,0.635,317,683,0,317,635,0,48,0.9297218155197657,0.0,0.667016806722689,0.0,0.635
L2,game,1e-05,1e-10,0.9393103448275862,1.0,0.0,0.0,0.681,275,725,0,275,681,0,44,0.9393103448275862,0.0,0.7123430962343096,0.0,0.681
L2,game,1e-05,1e-12,0.8959881129271917,1.0,0.0,0.0,0.603,327,673,0,327,603,0,70,0.8959881129271917,0.0,0.6483870967741936,0.0,0.603
L1,game,1e-05,1e-10,0.8888888888888888,1.0,0.0,0.0,0.648,271,729,0,271,648,0,81,0.8888888888888888,0.0,0.705114254624592,0.0,0.648
L1,game,1e-05,1e-12,0.8920377867746289,1.0,0.0,0.0,0.661,259,741,0,259,661,0,80,0.8920377867746289,0.0,0.7184782608695652,0.0,0.661
L2,game,1e-05,1e-15,0.9357923497267759,1.0,0.0,0.0,0.685,268,732,0,268,685,0,47,0.9357923497267759,0.0,0.7187827911857293,0.0,0.685
L1,game,1e-05,1e-15,0.8812154696132597,1.0,0.0,0.0,0.638,276,724,0,276,638,0,86,0.8812154696132597,0.0,0.6980306345733042,0.0,0.638
L2,game,1e-05,1e-10,0.8273273273273273,1.0,0.0,0.0,0.551,334,666,0,334,551,0,115,0.8273273273273273,0.0,0.6225988700564972,0.0,0.551
L2,game,1e-05,1e-12,0.8637015781922525,1.0,0.0,0.0,0.602,303,697,0,303,602,0,95,0.8637015781922525,0.0,0.6651933701657459,0.0,0.602
L1,game,1e-05,1e-10,0.8579234972677595,1.0,0.0,0.0,0.628,268,732,0,268,628,0,104,0.8579234972677595,0.0,0.7008928571428571,0.0,0.628
L1,game,1e-05,1e-12,0.8163558106169297,1.0,0.0,0.0,0.569,303,697,0,303,569,0,128,0.8163558106169297,0.0,0.6525229357798165,0.0,0.569
L2,game,1e-05,1e-15,0.8726207906295754,1.0,0.0,0.0,0.596,317,683,0,317,596,0,87,0.8726207906295754,0.0,0.6527929901423878,0.0,0.596
L2,game,1e-05,1e-10,0.9104938271604939,1.0,0.0,0.0,0.59,352,648,0,352,590,0,58,0.9104938271604939,0.0,0.6263269639065817,0.0,0.59
L2,game,1e-05,1e-12,0.9055649241146712,1.0,0.0,0.0,0.537,407,593,0,407,537,0,56,0.9055649241146712,0.0,0.5688559322033898,0.0,0.537
L1,game,1e-05,1e-15,0.89280868385346,1.0,0.0,0.0,0.658,263,737,0,263,658,0,79,0.89280868385346,0.0,0.7144408251900108,0.0,0.658
L1,game,1e-05,1e-10,0.878140703517588,1.0,0.0,0.0,0.699,204,796,0,204,699,0,97,0.878140703517588,0.0,0.7740863787375415,0.0,0.699
L1,game,1e-05,1e-12,0.8679504814305364,1.0,0.0,0.0,0.631,273,727,0,273,631,0,96,0.8679504814305364,0.0,0.6980088495575221,0.0,0.631
L2,game,1e-05,1e-15,0.9433681073025335,1.0,0.0,0.0,0.633,329,671,0,329,633,0,38,0.9433681073025335,0.0,0.658004158004158,0.0,0.633
L2,game,1e-05,1e-10,0.9156626506024096,1.0,0.0,0.0,0.684,253,747,0,253,684,0,63,0.9156626506024096,0.0,0.7299893276414088,0.0,0.684
L2,game,1e-05,1e-12,0.933240611961057,1.0,0.0,0.0,0.671,281,719,0,281,671,0,48,0.933240611961057,0.0,0.7048319327731093,0.0,0.671
L1,game,1e-05,1e-15,0.8740849194729137,1.0,0.0,0.0,0.597,317,683,0,317,597,0,86,0.8740849194729137,0.0,0.6531728665207878,0.0,0.597
L1,game,1e-05,1e-10,0.8590425531914894,1.0,0.0,0.0,0.646,248,752,0,248,646,0,106,0.8590425531914894,0.0,0.7225950782997763,0.0,0.646
L2,game,1e-05,1e-15,0.8918495297805643,1.0,0.0,0.0,0.569,362,638,0,362,569,0,69,0.8918495297805643,0.0,0.611170784103115,0.0,0.569
L1,game,1e-05,1e-12,0.868421052631579,1.0,0.0,0.0,0.594,316,684,0,316,594,0,90,0.868421052631579,0.0,0.6527472527472528,0.0,0.594
L2,game,1e-05,1e-10,0.8762589928057554,1.0,0.0,0.0,0.609,305,695,0,305,609,0,86,0.8762589928057554,0.0,0.6663019693654267,0.0,0.609
L2,game,1e-05,1e-12,0.8627167630057804,1.0,0.0,0.0,0.597,308,692,0,308,597,0,95,0.8627167630057804,0.0,0.6596685082872928,0.0,0.597
L1,game,1e-05,1e-15,0.9014844804318488,1.0,0.0,0.0,0.668,259,741,0,259,668,0,73,0.9014844804318488,0.0,0.7206040992448759,0.0,0.668
L2,game,1e-05,1e-15,0.9377713458755427,1.0,0.0,0.0,0.648,309,691,0,309,648,0,43,0.9377713458755427,0.0,0.677115987460815,0.0,0.648
L1,game,1e-05,1e-10,0.8766328011611031,1.0,0.0,0.0,0.604,311,689,0,311,604,0,85,0.8766328011611031,0.0,0.6601092896174864,0.0,0.604
L1,game,1e-05,1e-12,0.9043126684636119,1.0,0.0,0.0,0.671,258,742,0,258,671,0,71,0.9043126684636119,0.0,0.7222820236813778,0.0,0.671
L1,game,1e-05,1e-15,0.863568215892054,1.0,0.0,0.0,0.576,333,667,0,333,576,0,91,0.863568215892054,0.0,0.6336633663366337,0.0,0.576
L2,MacSum,1e-05,0.1,0.33518005540166207,0.3394109396914446,0.9064748201438849,0.9655172413793104,0.494,278,722,252,26,242,471,9,0.33518005540166207,0.9064748201438849,0.3274695534506089,0.9655172413793104,0.494
L2,MacSum,1e-05,0.01,0.4404432132963989,0.4622093023255814,0.6294964028776978,0.8373205741626795,0.493,278,722,175,103,318,370,34,0.4404432132963989,0.6294964028776978,0.4020227560050569,0.8373205741626795,0.493
L2,MacSum,1e-05,1e-08,0.6024930747922438,1.0,0.0,0.0,0.435,278,722,0,278,435,0,287,0.6024930747922438,0.0,0.6100981767180925,0.0,0.435
L1,MacSum,1e-05,0.1,0.45897079276773295,0.4602510460251046,0.9145907473309609,0.9922779922779923,0.587,281,719,257,24,330,387,2,0.45897079276773295,0.9145907473309609,0.44534412955465585,0.9922779922779923,0.587
L2,MacSum,1e-05,1e-05,0.6024930747922438,1.0,0.0,0.0,0.435,278,722,0,278,435,0,287,0.6024930747922438,0.0,0.6100981767180925,0.0,0.435
L1,MacSum,1e-05,1e-05,0.8386648122392212,0.9757281553398058,0.05338078291814947,0.12931034482758622,0.618,281,719,15,266,603,15,101,0.8386648122392212,0.05338078291814947,0.6821266968325792,0.12931034482758622,0.618
L1,MacSum,1e-05,0.01,0.6606397774687065,0.6680731364275668,0.8612099644128114,0.968,0.717,281,719,242,39,475,236,8,0.6606397774687065,0.8612099644128114,0.6333333333333333,0.968,0.717
L1,MacSum,1e-05,1e-08,0.8497913769123783,1.0,0.0,0.0,0.611,281,719,0,281,611,0,108,0.8497913769123783,0.0,0.6849775784753364,0.0,0.611
L2,MacSum,1e-05,0.1,0.5475819032761311,0.5475819032761311,0.8579387186629527,1.0,0.659,359,641,308,51,351,290,0,0.5475819032761311,0.8579387186629527,0.5072254335260116,1.0,0.659
L2,MacSum,1e-05,0.01,0.3826086956521739,0.39580209895052476,0.6709677419354839,0.9004329004329005,0.472,310,690,208,102,264,403,23,0.3826086956521739,0.6709677419354839,0.3433029908972692,0.9004329004329005,0.472
L2,MacSum,1e-05,1e-08,0.5347826086956522,1.0,0.0,0.0,0.369,310,690,0,310,369,0,321,0.5347826086956522,0.0,0.5434462444771723,0.0,0.369
L2,MacSum,1e-05,1e-05,0.6577086280056577,1.0,0.0,0.0,0.465,293,707,0,293,465,0,242,0.6577086280056577,0.0,0.6134564643799473,0.0,0.465
L1,MacSum,1e-05,0.1,0.44169096209912534,0.4442815249266862,0.9363057324840764,0.9865771812080537,0.597,314,686,294,20,303,379,4,0.44169096209912534,0.9363057324840764,0.43162393162393164,0.9865771812080537,0.597
L1,MacSum,1e-05,0.01,0.6718528995756718,0.6718528995756718,0.8122866894197952,1.0,0.713,293,707,238,55,475,232,0,0.6718528995756718,0.8122866894197952,0.6233595800524935,1.0,0.713
L1,MacSum,1e-05,1e-05,0.8302687411598303,0.9544715447154472,0.06484641638225255,0.17117117117117117,0.606,293,707,19,274,587,28,92,0.8302687411598303,0.06484641638225255,0.6602924634420697,0.17117117117117117,0.606
L1,MacSum,1e-05,1e-08,0.8213166144200627,1.0,0.0,0.0,0.524,362,638,0,362,524,0,114,0.8213166144200627,0.0,0.5914221218961625,0.0,0.524
L2,MacSum,1e-05,0.1,0.532394366197183,0.5384615384615384,0.8103448275862069,0.9670781893004116,0.613,290,710,235,55,378,324,8,0.532394366197183,0.8103448275862069,0.49933949801849403,0.9670781893004116,0.613
L2,MacSum,1e-05,0.01,0.47919876733436056,0.5226890756302521,0.7549857549857549,0.8307210031347962,0.576,351,649,265,86,311,284,54,0.47919876733436056,0.7549857549857549,0.4566813509544787,0.8307210031347962,0.576
L2,MacSum,1e-05,1e-08,0.7462908011869436,1.0,0.0,0.0,0.503,326,674,0,326,503,0,171,0.7462908011869436,0.0,0.6067551266586249,0.0,0.503
L2,MacSum,1e-05,1e-05,0.546242774566474,1.0,0.0,0.0,0.378,308,692,0,308,378,0,314,0.546242774566474,0.0,0.5510204081632653,0.0,0.378
L1,MacSum,1e-05,0.1,0.4411764705882353,0.4411764705882353,0.9265536723163842,1.0,0.613,354,646,328,26,285,361,0,0.4411764705882353,0.9265536723163842,0.42410714285714285,1.0,0.613
L1,MacSum,1e-05,0.01,0.6968011126564673,0.6968011126564673,0.797153024911032,1.0,0.725,281,719,224,57,501,218,0,0.6968011126564673,0.797153024911032,0.645618556701031,1.0,0.725
L1,MacSum,1e-05,1e-05,0.7777777777777778,0.9595782073813708,0.0436241610738255,0.08904109589041095,0.559,298,702,13,285,546,23,133,0.7777777777777778,0.0436241610738255,0.639344262295082,0.08904109589041095,0.559
L1,MacSum,1e-05,1e-08,0.8162393162393162,1.0,0.0,0.0,0.573,298,702,0,298,573,0,129,0.8162393162393162,0.0,0.6578645235361653,0.0,0.573
L2,MacSum,1e-05,0.1,0.6261398176291794,0.6261398176291794,0.8333333333333334,1.0,0.697,342,658,285,57,412,246,0,0.6261398176291794,0.8333333333333334,0.5762237762237762,1.0,0.697
L2,MacSum,1e-05,0.01,0.525691699604743,0.6353503184713376,0.4730290456431535,0.46530612244897956,0.513,241,759,114,127,399,229,131,0.525691699604743,0.4730290456431535,0.528476821192053,0.46530612244897956,0.513
L2,MacSum,1e-05,1e-08,0.6330827067669172,1.0,0.0,0.0,0.421,335,665,0,335,421,0,244,0.6330827067669172,0.0,0.5568783068783069,0.0,0.421
L2,MacSum,1e-05,1e-05,0.56657223796034,1.0,0.0,0.0,0.4,294,706,0,294,400,0,306,0.56657223796034,0.0,0.5763688760806917,0.0,0.4
L1,MacSum,1e-05,0.1,0.3938931297709924,0.39509954058192953,0.9159420289855073,0.9937106918238994,0.574,345,655,316,29,258,395,2,0.3938931297709924,0.9159420289855073,0.3782991202346041,0.9937106918238994,0.574
L1,MacSum,1e-05,0.01,0.6050156739811913,0.6156299840510366,0.8674033149171271,0.9661538461538461,0.7,362,638,314,48,386,241,11,0.6050156739811913,0.8674033149171271,0.5718518518518518,0.9661538461538461,0.7
L1,MacSum,1e-05,1e-08,0.8224043715846995,1.0,0.0,0.0,0.602,268,732,0,268,602,0,130,0.8224043715846995,0.0,0.6919540229885057,0.0,0.602
L1,MacSum,1e-05,1e-05,0.798932384341637,0.9782135076252724,0.0867579908675799,0.2695035460992908,0.487,438,562,38,400,449,10,103,0.798932384341637,0.0867579908675799,0.5227008149010477,0.2695035460992908,0.487
L2,MacSum,1e-05,0.01,0.34418604651162793,0.3463338533541342,0.7915492957746478,0.9859649122807017,0.503,355,645,281,74,222,419,4,0.34418604651162793,0.7915492957746478,0.3104895104895105,0.9859649122807017,0.503
L2,MacSum,1e-05,0.1,0.4909365558912387,0.4909365558912387,0.8372781065088757,1.0,0.608,338,662,283,55,325,337,0,0.4909365558912387,0.8372781065088757,0.45327754532775455,1.0,0.608
L2,MacSum,1e-05,1e-08,0.6108663729809104,1.0,0.0,0.0,0.416,319,681,0,319,416,0,265,0.6108663729809104,0.0,0.5659863945578232,0.0,0.416
L2,MacSum,1e-05,1e-05,0.6397849462365591,0.9979035639412998,0.0,0.0,0.476,256,744,0,256,476,1,267,0.6397849462365591,0.0,0.6493860845839018,0.0,0.476
L1,MacSum,1e-05,0.1,0.42097902097902096,0.42334739803094235,0.8947368421052632,0.9845559845559846,0.556,285,715,255,30,301,410,4,0.42097902097902096,0.8947368421052632,0.40620782726045884,0.9845559845559846,0.556
L1,MacSum,1e-05,0.01,0.6263237518910741,0.6263237518910741,0.8938053097345132,1.0,0.717,339,661,303,36,414,247,0,0.6263237518910741,0.8938053097345132,0.593974175035868,1.0,0.717
L1,MacSum,1e-05,1e-08,0.8126801152737753,1.0,0.0,0.0,0.564,306,694,0,306,564,0,130,0.8126801152737753,0.0,0.6482758620689655,0.0,0.564
L1,MacSum,1e-05,1e-05,0.8551336146272855,0.9728,0.0657439446366782,0.18095238095238095,0.627,289,711,19,270,608,17,86,0.8551336146272855,0.0657439446366782,0.6793296089385474,0.18095238095238095,0.627
L2,MacSum,1e-05,1e-10,0.7135416666666666,1.0,0.0,0.0,0.548,232,768,0,232,548,0,220,0.7135416666666666,0.0,0.7025641025641025,0.0,0.548
L1,MacSum,1e-05,1e-12,0.8419618528610354,1.0,0.0,0.0,0.618,266,734,0,266,618,0,116,0.8419618528610354,0.0,0.6990950226244343,0.0,0.618
L2,MacSum,1e-05,1e-12,0.6070901033973413,1.0,0.0,0.0,0.411,323,677,0,323,411,0,266,0.6070901033973413,0.0,0.5599455040871935,0.0,0.411
L1,MacSum,1e-05,1e-10,0.8446475195822454,1.0,0.0,0.0,0.647,234,766,0,234,647,0,119,0.8446475195822454,0.0,0.7343927355278093,0.0,0.647
L2,MacSum,1e-05,1e-15,0.6816326530612244,1.0,0.0,0.0,0.501,265,735,0,265,501,0,234,0.6816326530612244,0.0,0.6540469973890339,0.0,0.501
L1,MacSum,1e-05,1e-15,0.8323442136498517,1.0,0.0,0.0,0.561,326,674,0,326,561,0,113,0.8323442136498517,0.0,0.6324689966178129,0.0,0.561
L2,MacSum,1e-05,1e-10,0.5981912144702842,1.0,0.0,0.0,0.463,226,774,0,226,463,0,311,0.5981912144702842,0.0,0.6719883889695211,0.0,0.463
L2,MacSum,1e-05,1e-12,0.6484490398818316,1.0,0.0,0.0,0.439,323,677,0,323,439,0,238,0.6484490398818316,0.0,0.5761154855643045,0.0,0.439
L1,MacSum,1e-05,1e-10,0.8365243004418262,1.0,0.0,0.0,0.568,321,679,0,321,568,0,111,0.8365243004418262,0.0,0.6389201349831272,0.0,0.568
L1,MacSum,1e-05,1e-12,0.8438818565400844,1.0,0.0,0.0,0.6,289,711,0,289,600,0,111,0.8438818565400844,0.0,0.6749156355455568,0.0,0.6
L2,MacSum,1e-05,1e-15,0.8354792560801144,1.0,0.0,0.0,0.584,301,699,0,301,584,0,115,0.8354792560801144,0.0,0.6598870056497175,0.0,0.584
L1,MacSum,1e-05,1e-15,0.8544891640866873,1.0,0.0,0.0,0.552,354,646,0,354,552,0,94,0.8544891640866873,0.0,0.609271523178808,0.0,0.552
L2,MacSum,1e-05,1e-10,0.6512261580381471,1.0,0.0,0.0,0.478,266,734,0,266,478,0,256,0.6512261580381471,0.0,0.6424731182795699,0.0,0.478
L2,MacSum,1e-05,1e-12,0.7378048780487805,1.0,0.0,0.0,0.484,344,656,0,344,484,0,172,0.7378048780487805,0.0,0.5845410628019324,0.0,0.484
L1,MacSum,1e-05,1e-10,0.8413793103448276,1.0,0.0,0.0,0.61,275,725,0,275,610,0,115,0.8413793103448276,0.0,0.6892655367231638,0.0,0.61
L1,MacSum,1e-05,1e-12,0.8220588235294117,1.0,0.0,0.0,0.559,320,680,0,320,559,0,121,0.8220588235294117,0.0,0.6359499431171786,0.0,0.559
L2,MacSum,1e-05,1e-15,0.6100981767180925,1.0,0.0,0.0,0.435,287,713,0,287,435,0,278,0.6100981767180925,0.0,0.6024930747922438,0.0,0.435
L1,MacSum,1e-05,1e-15,0.7894736842105263,1.0,0.0,0.0,0.51,354,646,0,354,510,0,136,0.7894736842105263,0.0,0.5902777777777778,0.0,0.51
L2,MacSum,1e-05,1e-10,0.5749636098981077,1.0,0.0,0.0,0.395,313,687,0,313,395,0,292,0.5749636098981077,0.0,0.557909604519774,0.0,0.395
L2,MacSum,1e-05,1e-12,0.5557083906464925,1.0,0.0,0.0,0.404,273,727,0,273,404,0,323,0.5557083906464925,0.0,0.5967503692762186,0.0,0.404
L1,MacSum,1e-05,1e-10,0.8535031847133758,1.0,0.0,0.0,0.536,372,628,0,372,536,0,92,0.8535031847133758,0.0,0.5903083700440529,0.0,0.536
L1,MacSum,1e-05,1e-12,0.8211488250652742,1.0,0.0,0.0,0.629,234,766,0,234,629,0,137,0.8211488250652742,0.0,0.7288528389339514,0.0,0.629
L2,MacSum,1e-05,1e-15,0.6695906432748538,1.0,0.0,0.0,0.458,316,684,0,316,458,0,226,0.6695906432748538,0.0,0.5917312661498708,0.0,0.458
L1,MacSum,1e-05,1e-15,0.7764298093587522,1.0,0.0,0.0,0.448,423,577,0,423,448,0,129,0.7764298093587522,0.0,0.5143513203214696,0.0,0.448
L2,MacSum,1e-05,1e-10,0.702523240371846,1.0,0.0,0.0,0.529,247,753,0,247,529,0,224,0.702523240371846,0.0,0.6817010309278351,0.0,0.529
L2,MacSum,1e-05,1e-12,0.6475409836065574,1.0,0.0,0.0,0.474,268,732,0,268,474,0,258,0.6475409836065574,0.0,0.6388140161725068,0.0,0.474
L1,MacSum,1e-05,1e-10,0.8361344537815126,1.0,0.0,0.0,0.597,286,714,0,286,597,0,117,0.8361344537815126,0.0,0.6761041902604756,0.0,0.597
L1,MacSum,1e-05,1e-12,0.8330781010719756,1.0,0.0,0.0,0.544,347,653,0,347,544,0,109,0.8330781010719756,0.0,0.6105499438832772,0.0,0.544
L2,MacSum,1e-05,1e-15,0.7376586741889986,1.0,0.0,0.0,0.523,291,709,0,291,523,0,186,0.7376586741889986,0.0,0.6425061425061425,0.0,0.523
L1,MacSum,1e-05,1e-15,0.8508771929824561,1.0,0.0,0.0,0.582,316,684,0,316,582,0,102,0.8508771929824561,0.0,0.6481069042316259,0.0,0.582
L2,"MacSum Imprécis,faible",1e-05,1e-08,0.2953890489913545,0.3445378151260504,0.42483660130718953,0.5676855895196506,0.335,306,694,130,176,205,390,99,0.2953890489913545,0.42483660130718953,0.26588845654993515,0.5676855895196506,0.335
L2,"MacSum Imprécis,faible",1e-05,0.1,0.2953890489913545,0.3445378151260504,0.42483660130718953,0.5676855895196506,0.335,306,694,130,176,205,390,99,0.2953890489913545,0.42483660130718953,0.26588845654993515,0.5676855895196506,0.335
L2,"MacSum Imprécis,faible",1e-05,1e-05,0.2953890489913545,0.3445378151260504,0.42483660130718953,0.5676855895196506,0.335,306,694,130,176,205,390,99,0.2953890489913545,0.42483660130718953,0.26588845654993515,0.5676855895196506,0.335
L2,"MacSum Imprécis,faible",1e-05,0.01,0.2953890489913545,0.3445378151260504,0.42483660130718953,0.5676855895196506,0.335,306,694,130,176,205,390,99,0.2953890489913545,0.42483660130718953,0.26588845654993515,0.5676855895196506,0.335
L1,"MacSum Imprécis,faible",1e-05,0.1,0.11815561959654179,0.15619047619047619,0.5980392156862745,0.5198863636363636,0.265,306,694,183,123,82,443,169,0.11815561959654179,0.5980392156862745,0.12654320987654322,0.5198863636363636,0.265
L1,"MacSum Imprécis,faible",1e-05,0.01,0.11815561959654179,0.15619047619047619,0.5980392156862745,0.5198863636363636,0.265,306,694,183,123,82,443,169,0.11815561959654179,0.5980392156862745,0.12654320987654322,0.5198863636363636,0.265
L1,"MacSum Imprécis,faible",1e-05,1e-08,0.11815561959654179,0.15619047619047619,0.5980392156862745,0.5198863636363636,0.265,306,694,183,123,82,443,169,0.11815561959654179,0.5980392156862745,0.12654320987654322,0.5198863636363636,0.265
L1,"MacSum Imprécis,faible",1e-05,1e-05,0.11815561959654179,0.15619047619047619,0.5980392156862745,0.5198863636363636,0.265,306,694,183,123,82,443,169,0.11815561959654179,0.5980392156862745,0.12654320987654322,0.5198863636363636,0.265
L2,"MacSum Imprécis,faible",1e-05,1e-08,0.314410480349345,0.3523654159869494,0.4440894568690096,0.6525821596244131,0.355,313,687,139,174,216,397,74,0.314410480349345,0.4440894568690096,0.2744599745870394,0.6525821596244131,0.355
L2,"MacSum Imprécis,faible",1e-05,0.1,0.314410480349345,0.3523654159869494,0.4440894568690096,0.6525821596244131,0.355,313,687,139,174,216,397,74,0.314410480349345,0.4440894568690096,0.2744599745870394,0.6525821596244131,0.355
L2,"MacSum Imprécis,faible",1e-05,1e-05,0.314410480349345,0.3523654159869494,0.4440894568690096,0.6525821596244131,0.355,313,687,139,174,216,397,74,0.314410480349345,0.4440894568690096,0.2744599745870394,0.6525821596244131,0.355
L2,"MacSum Imprécis,faible",1e-05,0.01,0.3877551020408163,0.4767025089605735,0.4299363057324841,0.5133079847908745,0.401,314,686,135,179,266,292,128,0.3877551020408163,0.4299363057324841,0.36092265943012214,0.5133079847908745,0.401
L1,"MacSum Imprécis,faible",1e-05,0.01,0.0873015873015873,0.11438474870017332,0.44672131147540983,0.3784722222222222,0.175,244,756,109,135,66,511,179,0.0873015873015873,0.44672131147540983,0.09269662921348315,0.3784722222222222,0.175
L1,"MacSum Imprécis,faible",1e-05,1e-08,0.15146579804560262,0.21136363636363636,0.572538860103627,0.5594936708860759,0.314,386,614,221,165,93,347,174,0.15146579804560262,0.572538860103627,0.1537190082644628,0.5594936708860759,0.314
L1,"MacSum Imprécis,faible",1e-05,1e-05,0.17131474103585656,0.21044045676998369,0.7004048582995951,0.5527156549520766,0.302,247,753,173,74,129,484,140,0.17131474103585656,0.7004048582995951,0.18777292576419213,0.5527156549520766,0.302
L1,"MacSum Imprécis,faible",1e-05,0.1,0.0873015873015873,0.11438474870017332,0.44672131147540983,0.3784722222222222,0.175,244,756,109,135,66,511,179,0.0873015873015873,0.44672131147540983,0.09269662921348315,0.3784722222222222,0.175
L2,"MacSum Imprécis,faible",1e-05,1e-08,0.4418604651162791,0.48562300319488816,0.40705128205128205,0.671957671957672,0.431,312,688,127,185,304,322,62,0.4418604651162791,0.40705128205128205,0.374845869297164,0.671957671957672,0.431
L2,"MacSum Imprécis,faible",1e-05,0.1,0.4418604651162791,0.48562300319488816,0.40705128205128205,0.671957671957672,0.431,312,688,127,185,304,322,62,0.4418604651162791,0.40705128205128205,0.374845869297164,0.671957671957672,0.431
L2,"MacSum Imprécis,faible",1e-05,1e-05,0.476319350473613,0.5079365079365079,0.4521072796934866,0.7195121951219512,0.47,261,739,118,143,352,341,46,0.476319350473613,0.4521072796934866,0.42105263157894735,0.7195121951219512,0.47
L2,"MacSum Imprécis,faible",1e-05,0.01,0.33808844507845937,0.39303482587064675,0.43478260869565216,0.5701754385964912,0.367,299,701,130,169,237,366,98,0.33808844507845937,0.43478260869565216,0.3069948186528497,0.5701754385964912,0.367
L1,"MacSum Imprécis,faible",1e-05,0.01,0.10359116022099447,0.13863216266173753,0.4746376811594203,0.4171974522292994,0.206,276,724,131,145,75,466,183,0.10359116022099447,0.4746376811594203,0.10932944606413994,0.4171974522292994,0.206
L1,"MacSum Imprécis,faible",1e-05,1e-05,0.18518518518518517,0.23090586145648312,0.5939597315436241,0.560126582278481,0.307,298,702,177,121,130,433,139,0.18518518518518517,0.5939597315436241,0.19005847953216373,0.560126582278481,0.307
L1,"MacSum Imprécis,faible",1e-05,0.1,0.16233766233766234,0.19809825673534073,0.5956521739130435,0.4963768115942029,0.262,230,770,137,93,125,506,139,0.16233766233766234,0.5956521739130435,0.17265193370165746,0.4963768115942029,0.262
L1,"MacSum Imprécis,faible",1e-05,1e-08,0.1366120218579235,0.1890359168241966,0.5708955223880597,0.4297752808988764,0.253,268,732,153,115,100,429,203,0.1366120218579235,0.5708955223880597,0.15527950310559005,0.4297752808988764,0.253
L2,"MacSum Imprécis,faible",1e-05,0.1,0.47389033942558745,0.5353982300884956,0.5213675213675214,0.580952380952381,0.485,234,766,122,112,363,315,88,0.47389033942558745,0.5213675213675214,0.45949367088607596,0.580952380952381,0.485
L2,"MacSum Imprécis,faible",1e-05,1e-08,0.4297635605006954,0.5132890365448505,0.6156583629893239,0.596551724137931,0.482,281,719,173,108,309,293,117,0.4297635605006954,0.6156583629893239,0.4352112676056338,0.596551724137931,0.482
L2,"MacSum Imprécis,faible",1e-05,0.01,0.4171270718232044,0.483974358974359,0.5507246376811594,0.6031746031746031,0.454,276,724,152,124,302,322,100,0.4171270718232044,0.5507246376811594,0.4037433155080214,0.6031746031746031,0.454
L2,"MacSum Imprécis,faible",1e-05,1e-05,0.5463786531130876,0.6039325842696629,0.3568075117370892,0.5033112582781457,0.506,213,787,76,137,430,282,75,0.5463786531130876,0.3568075117370892,0.5064782096584217,0.5033112582781457,0.506
L1,"MacSum Imprécis,faible",1e-05,0.1,0.15514809590973203,0.6707317073170732,0.12714776632302405,0.06357388316151202,0.147,291,709,37,254,110,54,545,0.15514809590973203,0.12714776632302405,0.2631578947368421,0.06357388316151202,0.147
L1,"MacSum Imprécis,faible",1e-05,1e-05,0.15514809590973203,0.6707317073170732,0.12714776632302405,0.06357388316151202,0.147,291,709,37,254,110,54,545,0.15514809590973203,0.12714776632302405,0.2631578947368421,0.06357388316151202,0.147
L1,"MacSum Imprécis,faible",1e-05,0.01,0.19658119658119658,0.25,0.4899328859060403,0.49324324324324326,0.284,298,702,146,152,138,414,150,0.19658119658119658,0.4899328859060403,0.19602272727272727,0.49324324324324326,0.284
L1,"MacSum Imprécis,faible",1e-05,1e-08,0.09940652818991098,0.12934362934362933,0.5460122699386503,0.5329341317365269,0.245,326,674,178,148,67,451,156,0.09940652818991098,0.5460122699386503,0.1006006006006006,0.5329341317365269,0.245
L2,"MacSum Imprécis,faible",1e-05,1e-08,0.3993808049535604,0.4417808219178082,0.480225988700565,0.7327586206896551,0.428,354,646,170,184,258,326,62,0.3993808049535604,0.480225988700565,0.3359375,0.7327586206896551,0.428
L2,"MacSum Imprécis,faible",1e-05,0.1,0.3993808049535604,0.4417808219178082,0.480225988700565,0.7327586206896551,0.428,354,646,170,184,258,326,62,0.3993808049535604,0.480225988700565,0.3359375,0.7327586206896551,0.428
L2,"MacSum Imprécis,faible",1e-05,0.01,0.3865546218487395,0.44089456869009586,0.40559440559440557,0.5686274509803921,0.392,286,714,116,170,276,350,88,0.3865546218487395,0.40559440559440557,0.34673366834170855,0.5686274509803921,0.392
L2,"MacSum Imprécis,faible",1e-05,1e-05,0.36629526462395545,0.42351046698872785,0.5460992907801419,0.6135458167330677,0.417,282,718,154,128,263,358,97,0.36629526462395545,0.5460992907801419,0.35113484646194926,0.6135458167330677,0.417
L1,"MacSum Imprécis,faible",1e-05,0.1,0.13446676970633695,0.16446124763705103,0.48158640226628896,0.5902777777777778,0.257,353,647,170,183,87,442,118,0.13446676970633695,0.48158640226628896,0.12219101123595505,0.5902777777777778,0.257
L1,"MacSum Imprécis,faible",1e-05,0.01,0.12703101920236337,0.1634980988593156,0.44272445820433437,0.48639455782312924,0.229,323,677,143,180,86,440,151,0.12703101920236337,0.44272445820433437,0.12181303116147309,0.48639455782312924,0.229
L1,"MacSum Imprécis,faible",1e-05,1e-08,0.14556962025316456,0.20956719817767655,0.5407608695652174,0.5076530612244898,0.291,368,632,199,169,92,347,193,0.14556962025316456,0.5407608695652174,0.1513157894736842,0.5076530612244898,0.291
L1,"MacSum Imprécis,faible",1e-05,1e-05,0.13446676970633695,0.16446124763705103,0.48158640226628896,0.5902777777777778,0.257,353,647,170,183,87,442,118,0.13446676970633695,0.48158640226628896,0.12219101123595505,0.5902777777777778,0.257
L1,"MacSum Imprécis,faible",1e-05,1e-10,0.16216216216216217,0.21201413427561838,0.4423076923076923,0.39792387543252594,0.235,260,740,115,145,120,446,174,0.16216216216216217,0.4423076923076923,0.16877637130801687,0.39792387543252594,0.235
L1,"MacSum Imprécis,faible",1e-05,1e-12,0.14548238897396631,0.20652173913043478,0.6051873198847262,0.5210918114143921,0.305,347,653,210,137,95,365,193,0.14548238897396631,0.6051873198847262,0.15912897822445563,0.5210918114143921,0.305
L2,"MacSum Imprécis,faible",1e-05,1e-10,0.3962516733601071,0.4668769716088328,0.5849802371541502,0.5670498084291188,0.444,253,747,148,105,296,338,113,0.3962516733601071,0.5849802371541502,0.40054127198917455,0.5670498084291188,0.444
L2,"MacSum Imprécis,faible",1e-05,1e-12,0.6312997347480106,0.695906432748538,0.5121951219512195,0.6428571428571429,0.602,246,754,126,120,476,208,70,0.6312997347480106,0.5121951219512195,0.5920398009950248,0.6428571428571429,0.602
L2,"MacSum Imprécis,faible",1e-05,1e-15,0.46533127889060094,0.5041736227045075,0.46438746438746437,0.7652582159624414,0.465,351,649,163,188,302,297,50,0.46533127889060094,0.46438746438746437,0.38373570520965694,0.7652582159624414,0.465
L1,"MacSum Imprécis,faible",1e-05,1e-15,0.150354609929078,0.18996415770609318,0.5559322033898305,0.5273311897106109,0.27,295,705,164,131,106,452,147,0.150354609929078,0.5559322033898305,0.15384615384615385,0.5273311897106109,0.27
L1,"MacSum Imprécis,faible",1e-05,1e-10,0.07296137339055794,0.09807692307692308,0.6146179401993356,0.5082417582417582,0.236,301,699,185,116,51,469,179,0.07296137339055794,0.6146179401993356,0.08018867924528301,0.5082417582417582,0.236
L2,"MacSum Imprécis,faible",1e-05,1e-10,0.2957516339869281,0.34807692307692306,0.4896907216494845,0.6737588652482269,0.371,388,612,190,198,181,339,92,0.2957516339869281,0.4896907216494845,0.2520891364902507,0.6737588652482269,0.371
L2,"MacSum Imprécis,faible",1e-05,1e-15,0.2606060606060606,0.32452830188679244,0.7,0.6467391304347826,0.41,340,660,238,102,172,358,130,0.2606060606060606,0.7,0.2721518987341772,0.6467391304347826,0.41
L2,"MacSum Imprécis,faible",1e-05,1e-12,0.4942675159235669,0.5373961218836565,0.6697674418604651,0.6956521739130435,0.532,215,785,144,71,388,334,63,0.4942675159235669,0.6697674418604651,0.489281210592686,0.6956521739130435,0.532
L1,"MacSum Imprécis,faible",1e-05,1e-12,0.14794520547945206,0.18947368421052632,0.6518518518518519,0.5238095238095238,0.284,270,730,176,94,108,462,160,0.14794520547945206,0.6518518518518519,0.16265060240963855,0.5238095238095238,0.284
L1,"MacSum Imprécis,faible",1e-05,1e-15,0.13400758533501897,0.17666666666666667,0.3923444976076555,0.30036630036630035,0.188,209,791,82,127,106,494,191,0.13400758533501897,0.3923444976076555,0.14580467675378267,0.30036630036630035,0.188
L1,"MacSum Imprécis,faible",1e-05,1e-10,0.17857142857142858,0.21946564885496184,0.5252808988764045,0.6091205211726385,0.302,356,644,187,169,115,409,120,0.17857142857142858,0.5252808988764045,0.16594516594516595,0.6091205211726385,0.302
L2,"MacSum Imprécis,faible",1e-05,1e-10,0.5230547550432276,0.5541984732824428,0.5,0.796875,0.516,306,694,153,153,363,292,39,0.5230547550432276,0.5,0.44925742574257427,0.796875,0.516
L2,"MacSum Imprécis,faible",1e-05,1e-12,0.3931133428981349,0.4384,0.49174917491749176,0.6742081447963801,0.423,303,697,149,154,274,351,72,0.3931133428981349,0.49174917491749176,0.35173299101412064,0.6742081447963801,0.423
L2,"MacSum Imprécis,faible",1e-05,1e-15,0.3844049247606019,0.4277016742770167,0.6171003717472119,0.6916666666666667,0.447,269,731,166,103,281,376,74,0.3844049247606019,0.6171003717472119,0.36973684210526314,0.6916666666666667,0.447
L1,"MacSum Imprécis,faible",1e-05,1e-12,0.16463414634146342,0.219959266802444,0.6162790697674418,0.5623342175066313,0.32,344,656,212,132,108,383,165,0.16463414634146342,0.6162790697674418,0.17335473515248795,0.5623342175066313,0.32
L1,"MacSum Imprécis,faible",1e-05,1e-15,0.14305555555555555,0.17758620689655172,0.6357142857142857,0.559748427672956,0.281,280,720,178,102,103,477,140,0.14305555555555555,0.6357142857142857,0.15102639296187684,0.559748427672956,0.281
L2,"MacSum Imprécis,faible",1e-05,1e-10,0.3179916317991632,0.3831932773109244,0.47703180212014135,0.5252918287937743,0.363,283,717,135,148,228,367,122,0.3179916317991632,0.47703180212014135,0.30686406460296095,0.5252918287937743,0.363
L1,"MacSum Imprécis,faible",1e-05,1e-10,0.10087719298245613,0.13218390804597702,0.39556962025316456,0.4355400696864111,0.194,316,684,125,191,69,453,162,0.10087719298245613,0.39556962025316456,0.0967741935483871,0.4355400696864111,0.194
L2,"MacSum Imprécis,faible",1e-05,1e-15,0.40620592383638926,0.4485981308411215,0.5979381443298969,0.7219917012448133,0.462,291,709,174,117,288,354,67,0.40620592383638926,0.5979381443298969,0.3794466403162055,0.7219917012448133,0.462
L2,"MacSum Imprécis,faible",1e-05,1e-12,0.4843962008141113,0.5639810426540285,0.49429657794676807,0.5555555555555556,0.487,263,737,130,133,357,276,104,0.4843962008141113,0.49429657794676807,0.4660574412532637,0.5555555555555556,0.487
L1,"MacSum Imprécis,faible",1e-05,1e-12,0.1301169590643275,0.1654275092936803,0.5063291139240507,0.5228758169934641,0.249,316,684,160,156,89,449,146,0.1301169590643275,0.5063291139240507,0.1282420749279539,0.5228758169934641,0.249
L1,"MacSum Imprécis,faible",1e-05,1e-15,0.09352517985611511,0.11524822695035461,0.5344262295081967,0.5544217687074829,0.228,305,695,163,142,65,499,131,0.09352517985611511,0.5344262295081967,0.09206798866855524,0.5544217687074829,0.228
L2,"MacSum Imprécis,faible",1e-05,1e-10,0.47295208655332305,0.5284974093264249,0.47592067988668557,0.711864406779661,0.474,353,647,168,185,306,273,68,0.47295208655332305,0.47592067988668557,0.4005235602094241,0.711864406779661,0.474
L1,"MacSum Imprécis,faible",1e-05,1e-10,0.0907840440165062,0.11891891891891893,0.5860805860805861,0.4819277108433735,0.226,273,727,160,113,66,489,172,0.0907840440165062,0.5860805860805861,0.09880239520958084,0.4819277108433735,0.226
L2,"MacSum Imprécis,faible",1e-05,1e-15,0.3889695210449927,0.4336569579288026,0.5080385852090032,0.6899563318777293,0.426,311,689,158,153,268,350,71,0.3889695210449927,0.5080385852090032,0.3476005188067445,0.6899563318777293,0.426
L2,"MacSum Imprécis,faible",1e-05,1e-12,0.509375,0.5415282392026578,0.6333333333333333,0.8571428571428571,0.554,360,640,228,132,326,276,38,0.509375,0.6333333333333333,0.444141689373297,0.8571428571428571,0.554
L1,"MacSum Imprécis,faible",1e-05,1e-12,0.2460202604920405,0.8585858585858586,0.042071197411003236,0.025691699604743084,0.183,309,691,13,296,170,28,493,0.2460202604920405,0.042071197411003236,0.3441295546558704,0.025691699604743084,0.183
L1,"MacSum Imprécis,faible",1e-05,1e-15,0.12188365650969529,0.17254901960784313,0.4568345323741007,0.3746312684365782,0.215,278,722,127,151,88,422,212,0.12188365650969529,0.4568345323741007,0.13313161875945537,0.3746312684365782,0.215
L2,"MacSum Imprécis,fort",1e-05,0.01,0.7577092511013216,1.0,0.0438871473354232,0.0782122905027933,0.53,319,681,14,305,516,0,165,0.7577092511013216,0.0438871473354232,0.6285018270401949,0.0782122905027933,0.53
L2,"MacSum Imprécis,fort",1e-05,1e-05,0.7577092511013216,1.0,0.0438871473354232,0.0782122905027933,0.53,319,681,14,305,516,0,165,0.7577092511013216,0.0438871473354232,0.6285018270401949,0.0782122905027933,0.53
L2,"MacSum Imprécis,fort",1e-05,0.1,0.7577092511013216,1.0,0.0438871473354232,0.0782122905027933,0.53,319,681,14,305,516,0,165,0.7577092511013216,0.0438871473354232,0.6285018270401949,0.0782122905027933,0.53
L2,"MacSum Imprécis,fort",1e-05,1e-08,0.7577092511013216,1.0,0.0438871473354232,0.0782122905027933,0.53,319,681,14,305,516,0,165,0.7577092511013216,0.0438871473354232,0.6285018270401949,0.0782122905027933,0.53
L1,"MacSum Imprécis,fort",1e-05,0.01,0.04309063893016345,0.29591836734693877,0.06116207951070336,0.03361344537815126,0.049,327,673,20,307,29,69,575,0.04309063893016345,0.06116207951070336,0.07160493827160494,0.03361344537815126,0.049
L1,"MacSum Imprécis,fort",1e-05,1e-05,0.04309063893016345,0.29591836734693877,0.06116207951070336,0.03361344537815126,0.049,327,673,20,307,29,69,575,0.04309063893016345,0.06116207951070336,0.07160493827160494,0.03361344537815126,0.049
L1,"MacSum Imprécis,fort",1e-05,1e-08,0.04309063893016345,0.29591836734693877,0.06116207951070336,0.03361344537815126,0.049,327,673,20,307,29,69,575,0.04309063893016345,0.06116207951070336,0.07160493827160494,0.03361344537815126,0.049
L1,"MacSum Imprécis,fort",1e-05,0.1,0.04309063893016345,0.29591836734693877,0.06116207951070336,0.03361344537815126,0.049,327,673,20,307,29,69,575,0.04309063893016345,0.06116207951070336,0.07160493827160494,0.03361344537815126,0.049
L2,"MacSum Imprécis,fort",1e-05,0.01,0.6681614349775785,1.0,0.0,0.0,0.447,331,669,0,331,447,0,222,0.6681614349775785,0.0,0.5745501285347043,0.0,0.447
L2,"MacSum Imprécis,fort",1e-05,0.1,0.6681614349775785,1.0,0.0,0.0,0.447,331,669,0,331,447,0,222,0.6681614349775785,0.0,0.5745501285347043,0.0,0.447
L2,"MacSum Imprécis,fort",1e-05,1e-05,0.6681614349775785,1.0,0.0,0.0,0.447,331,669,0,331,447,0,222,0.6681614349775785,0.0,0.5745501285347043,0.0,0.447
L2,"MacSum Imprécis,fort",1e-05,1e-08,0.6681614349775785,1.0,0.0,0.0,0.447,331,669,0,331,447,0,222,0.6681614349775785,0.0,0.5745501285347043,0.0,0.447
L1,"MacSum Imprécis,fort",1e-05,0.01,0.0,0.0,0.676829268292683,0.38144329896907214,0.222,328,672,222,106,0,312,360,0.0,0.676829268292683,0.0,0.38144329896907214,0.222
L1,"MacSum Imprécis,fort",1e-05,0.1,0.053973013493253376,0.6545454545454545,0.1831831831831832,0.09063893016344725,0.097,333,667,61,272,36,19,612,0.053973013493253376,0.1831831831831832,0.11009174311926606,0.09063893016344725,0.097
L1,"MacSum Imprécis,fort",1e-05,1e-08,0.053973013493253376,0.6545454545454545,0.1831831831831832,0.09063893016344725,0.097,333,667,61,272,36,19,612,0.053973013493253376,0.1831831831831832,0.11009174311926606,0.09063893016344725,0.097
L1,"MacSum Imprécis,fort",1e-05,1e-05,0.15155615696887687,0.5628140703517588,0.19923371647509577,0.08783783783783784,0.164,261,739,52,209,112,87,540,0.15155615696887687,0.19923371647509577,0.27450980392156865,0.08783783783783784,0.164
L2,"MacSum Imprécis,fort",1e-05,1e-05,0.7672552166934189,1.0,0.0,0.0,0.478,377,623,0,377,478,0,145,0.7672552166934189,0.0,0.5590643274853802,0.0,0.478
L2,"MacSum Imprécis,fort",1e-05,0.01,0.9227272727272727,1.0,0.0,0.0,0.609,340,660,0,340,609,0,51,0.9227272727272727,0.0,0.6417281348788199,0.0,0.609
L2,"MacSum Imprécis,fort",1e-05,0.1,0.7672552166934189,1.0,0.0,0.0,0.478,377,623,0,377,478,0,145,0.7672552166934189,0.0,0.5590643274853802,0.0,0.478
L2,"MacSum Imprécis,fort",1e-05,1e-08,0.5213776722090261,1.0,0.0,0.0,0.439,158,842,0,158,439,0,403,0.5213776722090261,0.0,0.7353433835845896,0.0,0.439
L1,"MacSum Imprécis,fort",1e-05,0.01,0.0,0.0,1.0,1.0,0.309,309,691,309,0,0,691,0,0.0,1.0,0.0,1.0,0.309
L1,"MacSum Imprécis,fort",1e-05,0.1,0.002902757619738752,0.003992015968063872,0.8231511254019293,0.5765765765765766,0.258,311,689,256,55,2,499,188,0.002902757619738752,0.8231511254019293,0.0035971223021582736,0.5765765765765766,0.258
L1,"MacSum Imprécis,fort",1e-05,1e-05,0.0,0.0,1.0,1.0,0.275,275,725,275,0,0,725,0,0.0,1.0,0.0,1.0,0.275
L1,"MacSum Imprécis,fort",1e-05,1e-08,0.002902757619738752,0.003992015968063872,0.8231511254019293,0.5765765765765766,0.258,311,689,256,55,2,499,188,0.002902757619738752,0.8231511254019293,0.0035971223021582736,0.5765765765765766,0.258
L2,"MacSum Imprécis,fort",1e-05,0.01,0.8194640338504936,1.0,0.0,0.0,0.581,291,709,0,291,581,0,128,0.8194640338504936,0.0,0.6662844036697247,0.0,0.581
L2,"MacSum Imprécis,fort",1e-05,0.1,0.7309941520467836,1.0,0.04430379746835443,0.0707070707070707,0.514,316,684,14,302,500,0,184,0.7309941520467836,0.04430379746835443,0.6234413965087282,0.0707070707070707,0.514
L2,"MacSum Imprécis,fort",1e-05,1e-05,0.16282642089093702,0.1664050235478807,0.9283667621776505,0.9585798816568047,0.43,349,651,324,25,106,531,14,0.16282642089093702,0.9283667621776505,0.16012084592145015,0.9585798816568047,0.43
L2,"MacSum Imprécis,fort",1e-05,1e-08,0.8137931034482758,1.0,0.0,0.0,0.59,275,725,0,275,590,0,135,0.8137931034482758,0.0,0.6820809248554913,0.0,0.59
L1,"MacSum Imprécis,fort",1e-05,0.01,0.3594674556213018,0.4090909090909091,0.7222222222222222,0.740506329113924,0.477,324,676,234,90,243,351,82,0.3594674556213018,0.7222222222222222,0.35526315789473684,0.740506329113924,0.477
L1,"MacSum Imprécis,fort",1e-05,0.1,0.0676056338028169,0.11970074812967581,0.6448275862068965,0.37701612903225806,0.235,290,710,187,103,48,353,309,0.0676056338028169,0.6448275862068965,0.09523809523809523,0.37701612903225806,0.235
L1,"MacSum Imprécis,fort",1e-05,1e-05,0.061391541609822645,0.06559766763848396,0.850187265917603,0.8284671532846716,0.272,267,733,227,40,45,641,47,0.061391541609822645,0.850187265917603,0.06198347107438017,0.8284671532846716,0.272
L1,"MacSum Imprécis,fort",1e-05,1e-08,0.015804597701149427,0.03514376996805112,0.7203947368421053,0.3637873754152824,0.23,304,696,219,85,11,302,383,0.015804597701149427,0.7203947368421053,0.02763819095477387,0.3637873754152824,0.23
L2,"MacSum Imprécis,fort",1e-05,0.01,0.7535816618911175,1.0,0.0,0.0,0.526,302,698,0,302,526,0,172,0.7535816618911175,0.0,0.6352657004830918,0.0,0.526
L2,"MacSum Imprécis,fort",1e-05,1e-05,0.691156462585034,0.8273615635179153,0.3169811320754717,0.4097560975609756,0.592,265,735,84,181,508,106,121,0.691156462585034,0.3169811320754717,0.6389937106918239,0.4097560975609756,0.592
L2,"MacSum Imprécis,fort",1e-05,0.1,0.691156462585034,0.8273615635179153,0.3169811320754717,0.4097560975609756,0.592,265,735,84,181,508,106,121,0.691156462585034,0.3169811320754717,0.6389937106918239,0.4097560975609756,0.592
L2,"MacSum Imprécis,fort",1e-05,1e-08,0.5482388973966309,1.0,0.0,0.0,0.358,347,653,0,347,358,0,295,0.5482388973966309,0.0,0.5078014184397163,0.0,0.358
L1,"MacSum Imprécis,fort",1e-05,1e-05,0.01037037037037037,0.010494752623688156,0.9753846153846154,0.9753846153846154,0.324,325,675,317,8,7,660,8,0.01037037037037037,0.9753846153846154,0.01037037037037037,0.9753846153846154,0.324
L1,"MacSum Imprécis,fort",1e-05,0.01,0.28245363766048504,0.9801980198019802,0.016722408026755852,0.00992063492063492,0.203,299,701,5,294,198,4,499,0.28245363766048504,0.016722408026755852,0.39919354838709675,0.00992063492063492,0.203
L1,"MacSum Imprécis,fort",1e-05,1e-08,0.23261694058154236,0.2636103151862464,0.8181818181818182,0.6477272727272727,0.355,209,791,171,38,184,514,93,0.23261694058154236,0.8181818181818182,0.25,0.6477272727272727,0.355
L1,"MacSum Imprécis,fort",1e-05,0.1,0.09770992366412214,0.24521072796934865,0.463768115942029,0.2888086642599278,0.224,345,655,160,185,64,197,394,0.09770992366412214,0.463768115942029,0.14349775784753363,0.2888086642599278,0.224
L2,"MacSum Imprécis,fort",1e-05,1e-10,0.6525198938992043,0.968503937007874,0.0040650406504065045,0.004048582995951417,0.493,246,754,1,245,492,16,246,0.6525198938992043,0.0040650406504065045,0.6533864541832669,0.004048582995951417,0.493
L1,"MacSum Imprécis,fort",1e-05,1e-10,0.0,0.0,1.0,1.0,0.349,349,651,349,0,0,651,0,0.0,1.0,0.0,1.0,0.349
L2,"MacSum Imprécis,fort",1e-05,1e-12,0.8921713441654358,1.0,0.0,0.0,0.604,323,677,0,323,604,0,73,0.8921713441654358,0.0,0.651564185544768,0.0,0.604
L2,"MacSum Imprécis,fort",1e-05,1e-15,0.493573264781491,1.0,0.0,0.0,0.384,222,778,0,222,384,0,394,0.493573264781491,0.0,0.6336633663366337,0.0,0.384
L1,"MacSum Imprécis,fort",1e-05,1e-12,0.07761194029850746,0.14689265536723164,0.503030303030303,0.34439834024896265,0.218,330,670,166,164,52,302,316,0.07761194029850746,0.503030303030303,0.10038610038610038,0.34439834024896265,0.218
L1,"MacSum Imprécis,fort",1e-05,1e-15,0.1310344827586207,0.3941908713692946,0.43636363636363634,0.1986754966887417,0.215,275,725,120,155,95,146,484,0.1310344827586207,0.43636363636363634,0.2398989898989899,0.1986754966887417,0.215
L2,"MacSum Imprécis,fort",1e-05,1e-12,0.7879234167893961,1.0,0.0,0.0,0.535,321,679,0,321,535,0,144,0.7879234167893961,0.0,0.625,0.0,0.535
L2,"MacSum Imprécis,fort",1e-05,1e-10,0.7598828696925329,1.0,0.0,0.0,0.519,317,683,0,317,519,0,164,0.7598828696925329,0.0,0.6208133971291866,0.0,0.519
L1,"MacSum Imprécis,fort",1e-05,1e-10,0.1263318112633181,0.4715909090909091,0.2099125364431487,0.1301989150090416,0.155,343,657,72,271,83,93,481,0.1263318112633181,0.2099125364431487,0.18568232662192394,0.1301989150090416,0.155
L2,"MacSum Imprécis,fort",1e-05,1e-15,0.6554744525547446,1.0,0.01904761904761905,0.024793388429752067,0.455,315,685,6,309,449,0,236,0.6554744525547446,0.01904761904761905,0.5923482849604221,0.024793388429752067,0.455
L1,"MacSum Imprécis,fort",1e-05,1e-12,0.10872894333843798,0.3446601941747573,0.3025936599423631,0.19021739130434784,0.176,347,653,105,242,71,135,447,0.10872894333843798,0.3025936599423631,0.15848214285714285,0.19021739130434784,0.176
L1,"MacSum Imprécis,fort",1e-05,1e-15,0.0,0.0,1.0,1.0,0.353,353,647,353,0,0,647,0,0.0,1.0,0.0,1.0,0.353
L1,"MacSum Imprécis,fort",1e-05,1e-10,0.15496688741721854,0.6157894736842106,0.11428571428571428,0.047217537942664416,0.145,245,755,28,217,117,73,565,0.15496688741721854,0.11428571428571428,0.28746928746928746,0.047217537942664416,0.145
L2,"MacSum Imprécis,fort",1e-05,1e-12,0.6932153392330384,0.9233791748526523,0.14906832298136646,0.22119815668202766,0.518,322,678,48,274,470,39,169,0.6932153392330384,0.14906832298136646,0.6002554278416348,0.22119815668202766,0.518
L2,"MacSum Imprécis,fort",1e-05,1e-15,0.7737226277372263,1.0,0.0,0.0,0.53,315,685,0,315,530,0,155,0.7737226277372263,0.0,0.6272189349112426,0.0,0.53
L2,"MacSum Imprécis,fort",1e-05,1e-10,0.8921985815602836,1.0,0.0,0.0,0.629,295,705,0,295,629,0,76,0.8921985815602836,0.0,0.6807359307359307,0.0,0.629
L1,"MacSum Imprécis,fort",1e-05,1e-15,0.0136986301369863,0.02100840336134454,0.7518518518518519,0.4442013129102845,0.213,270,730,203,67,10,466,254,0.0136986301369863,0.7518518518518519,0.01841620626151013,0.4442013129102845,0.213
L1,"MacSum Imprécis,fort",1e-05,1e-12,0.1625,0.34210526315789475,0.3892857142857143,0.22381930184804927,0.226,280,720,109,171,117,225,378,0.1625,0.3892857142857143,0.22807017543859648,0.22381930184804927,0.226
L1,"MacSum Imprécis,fort",1e-05,1e-10,0.0,0.0,1.0,1.0,0.282,282,718,282,0,0,718,0,0.0,1.0,0.0,1.0,0.282
L2,"MacSum Imprécis,fort",1e-05,1e-15,0.7767584097859327,1.0,0.0,0.0,0.508,346,654,0,346,508,0,146,0.7767584097859327,0.0,0.594847775175644,0.0,0.508
L2,"MacSum Imprécis,fort",1e-05,1e-12,0.7127819548872181,1.0,0.0,0.0,0.474,335,665,0,335,474,0,191,0.7127819548872181,0.0,0.5859085290482077,0.0,0.474
L2,"MacSum Imprécis,fort",1e-05,1e-10,0.6083916083916084,1.0,0.0,0.0,0.435,285,715,0,285,435,0,280,0.6083916083916084,0.0,0.6041666666666666,0.0,0.435
L1,"MacSum Imprécis,fort",1e-05,1e-15,0.09556786703601108,0.09956709956709957,0.9172661870503597,0.897887323943662,0.324,278,722,255,23,69,624,29,0.09556786703601108,0.9172661870503597,0.09636871508379888,0.897887323943662,0.324
L1,"MacSum Imprécis,fort",1e-05,1e-12,0.08286516853932584,0.09379968203497616,0.7777777777777778,0.7296416938110749,0.283,288,712,224,64,59,570,83,0.08286516853932584,0.7777777777777778,0.08513708513708514,0.7296416938110749,0.283
L2,"MacSum Imprécis,fort",1e-05,1e-15,0.801829268292683,0.9359430604982206,0.10465116279069768,0.27692307692307694,0.562,344,656,36,308,526,36,94,0.801829268292683,0.10465116279069768,0.6045977011494252,0.27692307692307694,0.562
L1,"MacSum Imprécis,fort",1e-05,1e-10,0.059154929577464786,0.07394366197183098,0.7620689655172413,0.6088154269972452,0.263,290,710,221,69,42,526,142,0.059154929577464786,0.7620689655172413,0.06593406593406594,0.6088154269972452,0.263
L2,"MacSum Imprécis,fort",1e-05,1e-12,0.5120481927710844,1.0,0.0,0.0,0.34,336,664,0,336,340,0,324,0.5120481927710844,0.0,0.5029585798816568,0.0,0.34
L2,"MacSum Imprécis,fort",1e-05,1e-10,0.6502976190476191,0.9954441913439636,0.0,0.0,0.437,328,672,0,328,437,2,233,0.6502976190476191,0.0,0.5697522816166884,0.0,0.437
L1,"MacSum Imprécis,fort",1e-05,1e-15,0.5623229461756374,0.6117103235747303,0.41496598639455784,0.6815642458100558,0.519,294,706,122,172,397,252,57,0.5623229461756374,0.41496598639455784,0.4835566382460414,0.6815642458100558,0.519
L1,"MacSum Imprécis,fort",1e-05,1e-12,0.11543624161073826,0.12044817927170869,0.9568627450980393,0.8872727272727273,0.33,255,745,244,11,86,628,31,0.11543624161073826,0.9568627450980393,0.11862068965517242,0.8872727272727273,0.33
